manufacturer_id,name,country,website,status,founded_year,description
1,Sony,Japan,https://www.sony.com,Active,1946,"Japanese consumer electronics giant with one of the broadest headphone catalogs in the world, spanning budget earbuds to the flagship MDR-Z1R and the iconic MDR-7506 studio standard."
2,Sennheiser,Germany,https://www.sennheiser.com,Active,1945,German audio institution whose HD 600 series defined the reference open-back standard for a generation. The HD 800 and Orpheus HE-1 represent the outer edge of what headphones can achieve.
3,Philips,Netherlands,https://www.philips.com,Active,1891,Dutch electronics multinational whose Fidelio line produced several acclaimed audiophile headphones before the brand shifted focus toward consumer electronics.
4,Audio-Technica,Japan,https://www.audio-technica.com,Active,1962,Japanese precision manufacturer best known for the ATH-M50x studio monitor and a deep catalog of open-back headphones from the AD and R series.
5,AKG,Austria,https://www.akg.com,Active,1947,Viennese studio legend whose K 240 and K 701 shaped professional monitoring for decades. Now owned by Samsung/Harman but the K 812 and K 872 keep the legacy alive.
6,Beyerdynamic,Germany,https://www.beyerdynamic.com,Active,1924,Century-old German manufacturer and inventor of the dynamic headphone driver. The DT 770/880/990 trilogy and Tesla-driver flagships are benchmarks of German engineering precision.
7,Bose,USA,https://www.bose.com,Active,1964,"Massachusetts-based acoustics company that popularised active noise cancellation with the QuietComfort line. Prioritises comfort, convenience, and accessible sound quality."
8,Audeze,USA,https://www.audeze.com,Active,2008,California planar magnetic specialist that brought the technology to mainstream audiophiles with the LCD series. Their SLAM magnet arrays set efficiency records for planar design.
9,HiFiMan,China,https://www.hifiman.com,Active,2007,"Chinese planar pioneer founded by Dr. Fang Bian. Responsible for democratising planar magnetic headphones and producing the Susvara, widely considered one of the finest headphones ever made."
10,Focal,France,https://www.focal.com,Active,1979,French speaker manufacturer whose entry into headphones with the Utopia and Elear reshaped the high-end market. Known for beryllium-domed drivers and premium cabinet-grade materials.
11,Bowers & Wilkins,UK,https://www.bowerswilkins.com,Active,1966,British hi-fi institution whose Px series brought premium wireless to a design-conscious audience. The P9 Signature remains a statement piece for the brand.
12,Grado,USA,https://gradolabs.com,Active,1953,"Brooklyn family business spanning three generations, making supra-aural open-back headphones by hand since the 1950s. Unmistakable sound, unmistakable look."
13,Meze Audio,Romania,https://mezeaudio.com,Active,2011,Romanian boutique that stunned the audiophile world with the 99 Classics in 2015 and followed up with the Empyrean — a flagship using Rinaro's isodynamic planar driver.
14,Dan Clark Audio,USA,https://danclarkaudio.com,Active,2011,San Diego workshop founded as MrSpeakers. Known for T50RP modifications that evolved into original planar designs including the Ether and STEALTH.
15,Apple,USA,https://www.apple.com,Active,1976,Cupertino technology company whose AirPods Max brought Apple's design language and computational audio to the over-ear headphone market.
16,Beats,USA,https://www.beatsbydre.com,Active,2006,Brand founded by Dr. Dre and Jimmy Iovine that made headphones a fashion accessory. Acquired by Apple in 2014 and now integrates Apple silicon for spatial audio.
17,Shure,USA,https://www.shure.com,Active,1925,Chicago microphone and audio equipment company whose SRH line is a studio workhorse. The SRH1540 and SRH1840 are respected reference tools.
18,SteelSeries,Denmark,https://steelseries.com,Active,2001,Danish gaming peripherals brand whose Arctis series redefined the gaming headset with ski-goggle headbands and a focus on comfort for long sessions.
19,HyperX,USA,https://www.hyperx.com,Active,2002,"Kingston's gaming brand, producing the Cloud series of studio-driver-based headsets that punched well above their price. Now owned by HP."
20,Razer,USA,https://www.razer.com,Active,2005,Gaming hardware brand from San Francisco. The Kraken and BlackShark V2 series are popular esports headsets; the Opus line targets lifestyle listeners.
21,Logitech G,Switzerland,https://www.logitechg.com,Active,1981,Swiss peripherals giant whose G Pro X series used Blue Microphone technology and swappable drivers to target competitive gamers.
22,Astro Gaming,USA,https://www.astro.com,Active,2006,Console gaming headset specialist whose A40 TR and A50 Wireless are fixtures in professional esports broadcasting setups. Owned by Logitech.
23,Turtle Beach,USA,https://www.turtlebeach.com,Active,1975,Veteran gaming headset maker that pioneered surround-sound processing in console headsets. The Stealth series remains a popular mid-tier choice.
24,Corsair,USA,https://www.corsair.com,Active,1994,PC hardware company whose Virtuoso series targets PC gamers with high-resolution audio and premium build quality.
25,ASUS ROG,Taiwan,https://rog.asus.com,Active,2006,"Republic of Gamers division of ASUS, producing gaming headsets with aggressive styling and ESS DAC-equipped USB audio."
26,Abyss,USA,https://abyss-headphones.com,Active,2012,"Upstate New York boutique producing the AB-1266, a flagship open planar headphone with a bold industrial design that has no counterpart on the market."
27,ZMF Headphones,USA,https://www.zmfheadphones.com,Active,2013,"Chicago one-man operation by Zach Mehrbach building handcrafted wood-cupped dynamic and planar headphones. Long lead times, devoted following."
28,Stax,Japan,https://stax.co.jp,Active,1938,"The definitive electrostatic headphone maker, producing earspeakers since 1938. The SR-009 and SR-X9000 are considered the purest transducers available at any price."
29,Final Audio,Japan,https://final-inc.com,Active,1974,Japanese audio laboratory known for unconventional acoustic engineering. The D8000 planar and Sonorous series are boundary-pushing products from a deeply research-driven company.
30,Fostex,Japan,https://www.fostex.jp,Active,1973,"Japanese driver manufacturer whose T50RP became the most-modded headphone in audiophile history, and whose TH900 series uses biodynamic technology."
31,Denon,Japan,https://www.denon.com,Active,1910,Japanese audio institution whose AH-D series closed-backs use biodynamic 50mm drivers. The D9200 with its nano-fibre diaphragm is a standout statement product.
32,Rosson Audio,USA,https://rossonaudiodesign.com,Active,2017,"Small-batch planar workshop by Alex Rosson, co-founder of Audeze. The RAD-0 is a hand-made statement piece with custom wood cups."
33,Kennerton,Russia,https://kennerton.com,Active,2012,St. Petersburg audio atelier building planar magnetic flagships in exotic wood housings. The Odin and Thror are among the most beautiful headphones made.
34,Ultrasone,Germany,https://www.ultrasone.com,Active,1986,"Bavarian company behind the S-Logic spatial driver technology, which positions the driver off-axis to reduce ear canal pressure and create a wider perceived soundstage."
35,Bang & Olufsen,Denmark,https://www.bang-olufsen.com,Active,1925,"Danish luxury electronics brand whose Beoplay H line is as much furniture as audio equipment. The H95 is their flagship closed-back, built from aluminium and lambskin."
36,Sonos,USA,https://www.sonos.com,Active,2002,"Wireless audio company that entered headphones with the Ace, combining spatial audio and SoundSwap for seamless transition between speakers and headphones."
37,Marshall,UK,https://www.marshallheadphones.com,Active,1962,Iconic amplifier brand that extended into headphones in 2010. The Major series on-ear design channels the brand's rock heritage into a consumer-friendly product line.
38,JBL,USA,https://www.jbl.com,Active,1946,American speaker company under Harman. The Live and Club series cover premium consumer wireless while the Professional line serves studio monitoring.
39,Skullcandy,USA,https://www.skullcandy.com,Active,2003,"Park City, Utah brand that brought bold colour and skate/snowboard culture to headphones. The Crusher series with haptic bass is a signature product."
40,Anker Soundcore,China,https://www.soundcore.com,Active,2016,Anker's audio sub-brand producing aggressively priced wireless headphones with competitive ANC. The Space Q45 punches well above its category.
41,Technics,Japan,https://www.technics.com,Active,1965,Panasonic's premium audio brand revived in 2014. The EAH-A800 wireless headphone brings hi-fi DNA to the ANC market with LDAC and multipoint connectivity.
42,Nothing,UK,https://nothing.tech,Active,2020,"Carl Pei's London tech startup known for transparent industrial design. The Headphone (1) was their first over-ear, applying the brand's distinctive dot-matrix aesthetic."
43,Koss,USA,https://www.koss.com,Active,1953,Milwaukee company that invented the stereo headphone in 1958. The Porta Pro has been in continuous production since 1984 and remains a cult favourite.
44,V-Moda,USA,https://www.v-moda.com,Active,2004,"Lifestyle and DJ headphone brand from Val Kolton, known for the indestructible Crossfade M-100 and a custom shield programme allowing personalised engravings."
45,Yamaha,Japan,https://www.yamaha.com,Active,1887,Musical instrument giant with a deep headphone catalog. The YH-5000SE flagship uses an orthodynamic driver derived from their 1970s HP-1 and is made in Japan.
46,Pioneer,Japan,https://www.pioneer-audiovisual.com,Active,1938,"Japanese AV brand whose Pioneer DJ division produces the HDJ series, professional turntablist monitors trusted by DJs worldwide."
47,AIAIAI,Denmark,https://www.aiaiai.audio,Active,2006,"Copenhagen brand whose TMA-2 is the world's most modular headphone — mix and match 360 components including drivers, earpads, headbands, and cables."
48,1More,China,https://www.1more.com,Active,2013,Shenzhen brand tuned in collaboration with Grammy-winning engineers. The SonoFlow series delivers wireless ANC at prices that embarrass the competition.
49,Edifier,China,https://www.edifier.com,Active,1996,Beijing audio company whose STAX Spirit line brought planar magnetic technology to mid-range wireless headphones at an accessible price.
50,Cleer,USA,https://www.cleeraudio.com,Active,2012,San Diego audio brand founded by ex-JBL engineers. The Alpha uses a custom 40mm driver and targets audiophile-grade wireless performance.
51,Austrian Audio,Austria,https://austrian.audio,Active,2017,Vienna studio founded by ex-AKG engineers after the AKG Vienna facility closed. The Hi-X55 and Hi-X65 are direct spiritual successors to AKG's studio heritage.
52,Neumann,Germany,https://www.neumann.com,Active,1928,The microphone company's headphone line is aimed squarely at mastering engineers. The NDH 20 and NDH 30 offer exceptional tonal accuracy for critical listening.
53,Moondrop,China,https://moondroplab.com,Active,2015,Chengdu IEM specialist that expanded into over-ear planars with the Venus and Para. Known for anime-inspired packaging and technically rigorous tuning based on the HRTF target.
54,Sivga,China,https://www.sivgaaudio.com,Active,2016,"Chinese wood-specialist headphone maker crafting dynamic closed-backs with real rosewood, walnut, and zebrawood housings at accessible prices."
55,Sendy Audio,China,https://www.sendyaudio.com,Active,2016,Planar magnetic specialist using 97mm drivers in open-back designs. The Peacock and Aiva target the audiophile mid-fi market with premium build quality.
56,FiiO,China,https://www.fiio.com,Active,2007,Guangzhou portable audio giant best known for DACs and DAPs. The FT3 and FT5 represent their serious push into full-size headphones with large dynamic and planar drivers.
57,Spirit Torino,Italy,https://www.spirittorino.com,Active,2014,Turin boutique producing ultra-light open-back headphones designed for comfortable all-day listening. The Super Leggera is one of the lightest audiophile headphones available.
58,Warwick Acoustics,UK,https://warwickacoustics.com,Active,2011,British electrostatic specialist producing the Sonoma Model One and Aperio — complete systems with proprietary energisers built from aerospace-grade materials.
59,Mark Levinson,USA,https://www.marklevinson.com,Active,1972,American high-end audio brand whose No. 5909 wireless headphone brings luxury materials and Hi-Res Audio certification to the travel headphone market.
60,T+A,Germany,https://www.ta-hifi.de,Active,1978,Herford high-end manufacturer whose Solitaire P planar headphone features a 200mm driver array and is designed to pair with their in-house headphone amplifiers.
61,HEDD Audio,Germany,https://hedd.audio,Active,2015,Berlin studio monitor company whose HEDDphone uses Air Motion Transformer drivers — folded-membrane technology borrowed from loudspeakers for exceptionally fast transient response.
62,Grell Audio,Germany,https://grell-audio.com,Active,2021,"Founded by Axel Grell, chief developer of the Sennheiser HD 800. The OAE1 open-air earspeaker is his attempt to solve headphone imaging from first principles."
63,Ollo Audio,Slovenia,https://www.olloaudio.com,Active,2016,"Slovenian studio headphone maker offering individually tested and calibrated closed and open-back monitors, with measurement graphs shipped with each unit."
64,Monoprice,USA,https://www.monoprice.com,Active,2002,Direct-to-consumer electronics brand whose Monolith M1060 planar brought 106mm drivers to an audience that couldn't afford Audeze prices.
65,Superlux,Taiwan,https://www.superlux.com,Active,1990,"Taiwanese professional audio equipment maker whose HD 668B and HD 681 are studio-standard monitors in disguise, widely used in Chinese broadcast facilities."
66,Samson,USA,https://samsontech.com,Active,1980,New York professional audio brand whose SR850 semi-open monitor is a rebranded Superlux HD 668B — one of the most recommended budget headphones in audiophile communities.
67,Status Audio,USA,https://status.co,Active,2016,Direct-to-consumer brand cutting out retail markups. The CB-1 closed-back became a breakout product in the budget audiophile market.
68,Jabra,Denmark,https://www.jabra.com,Active,1993,GN Audio's communications headset brand trusted in enterprise and contact centre environments. The Evolve2 series is engineered for all-day wearing comfort.
69,Harman Kardon,USA,https://www.harmankardon.com,Active,1953,American audio brand known for premium design. The SOHO on-ear represents a premium lifestyle offering combining Harman's speaker tuning with a portable form factor.
70,Oppo,USA,https://www.oppodigital.com,Discontinued,2004,Californian electronics company whose PM-1 and PM-3 planar headphones were critically acclaimed before the brand's closure in 2018. Now sought-after on the used market.
71,Creative,Singapore,https://us.creative.com,Active,1981,Singapore technology company whose Sound Blaster brand shaped PC audio. The Aurvana Live! uses a biodynamic driver co-developed with Foster Electric.
72,Rode,Australia,https://rode.com,Active,1967,Sydney microphone company whose NTH-100 studio headphone was developed with DSP-calibrated tuning via the NTH-Mic measurement system.
73,Klipsch,USA,https://www.klipsch.com,Active,1946,Arkansas speaker company whose Heritage HP-3 headphone uses a wooden cup design inspired by their classic horn-loaded loudspeakers.
74,RAAL,USA,https://raalrequisite.com,Active,2007,Ribbon driver specialist producing the SR1a — a headphone that uses a true ribbon transducer and requires a special interface for conventional amplifier connection.
75,HarmonicDyne,China,https://harmonicdyne.com,Active,2019,"Chengdu audiophile brand producing the G200, a large-scale open planar headphone with a distinctive hexagonal driver architecture."
76,PSB,Canada,https://www.psbspeakers.com,Active,1972,Canadian speaker company whose M4U series headphones apply speaker engineering principles and active Room Feel correction to headphone acoustics.
77,E-Mu,USA,https://us.creative.com,Discontinued,1971,California synthesiser pioneer whose headphone line used biodynamic drivers co-developed with Foster Electric. The Teak and Rosewood are now collector items.
78,Audioquest,USA,https://www.audioquest.com,Active,1980,Cable and accessory specialist whose NightOwl and NightHawk used Foster biodynamic drivers in carbon fibre and wood housings before the line was discontinued.
79,NAD,Canada,https://nadelectronics.com,Active,1972,Canadian electronics brand whose VISO HP50 used RoomFeel target curve technology — an early attempt to apply room-corrected tuning to headphone listening.
80,Brainwavz,China,https://www.brainwavzaudio.com,Active,2005,"Hong Kong audio brand best known for replacement earpads compatible with hundreds of headphones, and the HM5 studio monitor."
81,Modhouse Audio,USA,https://modhouse.io,Active,2015,"Wisconsin modification workshop building the Argon — a T50RP Mk2 base fitted with a proprietary driver tuned for a warm, musical presentation. Waitlists measured in months."
82,Kiwi Ears,China,https://www.kiwiears.com,Active,2020,"Young Chinese audio brand with rapid product cadence. The Ardor open planar earned strong reviews at its price, drawing comparisons to headphones costing three times as much."
83,Plantronics,USA,https://www.poly.com,Active,1961,"Communications headset pioneer whose BackBeat line brought Bluetooth comfort to the office market. Merged with Polycom to form Poly, now part of HP."
84,Phiaton,South Korea,https://www.phiaton.com,Active,2009,Korean premium audio brand producing the MS 530 — one of the earliest commercially successful wireless ANC headphones with Bluetooth at launch.
85,Teufel,Germany,https://www.teufel.de,Active,1979,Berlin direct-sales speaker brand whose Real Blue NC offers competitive ANC performance at prices below the major consumer brands.
86,House of Marley,USA,https://www.thehouseofmarley.com,Active,2010,"Bob Marley estate brand producing headphones from sustainable materials including bamboo, hemp, and recycled plastics. Donates to environmental causes."
87,Cooler Master,Taiwan,https://www.coolermaster.com,Active,1992,PC cooling and peripheral brand whose MH751 became a surprise hit in gaming headset communities for its studio-driver-based sound quality at a modest price.
88,JVC,Japan,https://www.jvc.com,Active,1927,"Victor Company of Japan, known for the HA-DX1000 and HA-DX2000 mahogany wood-cup flagship closed-backs and the HA-SW series isodynamic planars."
89,Tago Studio,Japan,https://tagostudio.com,Active,2019,Small Japanese studio headphone maker offering individually serial-numbered monitors using high-powered 1.5T Neodymium drivers. Made in Japan.
90,Takstar,China,https://www.takstar.com,Active,2001,Guangzhou professional audio company whose Pro 80 is the OEM basis for many rebranded studio monitors worldwide. The HF580 planar punches above its category.
91,Goldplanar,China,https://goldplanar.com,Active,2020,Chinese planar magnetic specialist producing the GL2000 — a dual-sided planar with a 68mm driver that delivers competitive performance at a budget price.
92,MySphere,Austria,https://mysphere.at,Active,2018,"Vienna-based audio engineering project by Heinz Renner, former chief engineer at AKG. The MySphere 3 is the spiritual successor to the AKG K1000 open-air earspeaker."
93,Panasonic,Japan,https://www.panasonic.com,Active,1918,Japanese electronics conglomerate with a modest headphone catalog. The RP-HD10 is their most audiophile-focused recent offering.
94,Crosszone,Japan,https://crosszone.jp,Active,2016,Niche Japanese brand producing headphones with built-in acoustic crossfeed. The CZ-1 uses secondary in-ear drivers to simulate the inter-channel crosstalk of loudspeaker listening.
